item_id,source_term_candidate,classification,occurrence_count,figure_numbers,canonical_references,format_command_examples,protected_token_examples,raw_tex_examples,fr_ai,it_ai,fr_reviewed,it_reviewed,status,reviewer,comment
dtx_0c0f7afedeef,kein Durchfluss (sperrend),node_command_text,1,10102,canonical/drawings/dr_a7a7722dfbc9,"[""\\small""]",[],{\small kein Durchfluss (sperrend)},pas de débit (bloquant),nessun flusso (bloccante),aucun écoulement (bloquant),nessun flusso (bloccato),ok,codex,Vérifié contre la source allemande et la structure TeX ; revue visuelle du SVG encore requise.
dtx_20dce88597a0,Geschlossen (Kraft unterhalb Schwellwert -- Analogie: ),node_command_text,1,10102,canonical/drawings/dr_a7a7722dfbc9,"[""\\small""]","[""$U<U_S$""]",{\small Geschlossen \\ \small (Kraft unterhalb Schwellwert -- Analogie: $U<U_S$)},Fermé (force inférieure au seuil -- Analogie : ),Chiuso (forza sotto soglia -- Analogia: ),Fermé[[BR]](force sous le seuil -- analogie : ),Chiuso[[BR]](forza sotto la soglia -- analogia: ),ok,codex,Vérifié contre la source allemande et la structure TeX ; revue visuelle du SVG encore requise.
dtx_b2500cb9883a,Durchfluss (leitend),node_command_text,1,10102,canonical/drawings/dr_a7a7722dfbc9,"[""\\small""]",[],{\small Durchfluss (leitend)},débit (conducteur),flusso (conduttivo),écoulement (passant),flusso (in conduzione),ok,codex,Vérifié contre la source allemande et la structure TeX ; revue visuelle du SVG encore requise.
dtx_cce85aab3ef5,Offen (Kraft oberhalb Schwellwert -- Analogie: ),node_command_text,1,10102,canonical/drawings/dr_a7a7722dfbc9,"[""\\small""]","[""$U>U_S$""]",{\small Offen \\ \small (Kraft oberhalb Schwellwert -- Analogie: $U>U_S$)},Ouvert (force supérieure au seuil -- Analogie : ),Aperto (forza sopra soglia -- Analogia: ),Ouvert[[BR]](force au-dessus du seuil -- analogie : ),Aperto[[BR]](forza sopra la soglia -- analogia: ),ok,codex,Vérifié contre la source allemande et la structure TeX ; revue visuelle du SVG encore requise.
dtx_70c7d516e1c0,Feder,math_text,2,10102,canonical/drawings/dr_a7a7722dfbc9,[],[],\text{Feder},ressort,Molla,ressort,molla,ok,codex,Vérifié contre la source allemande et la structure TeX ; revue visuelle du SVG encore requise.
dtx_0651ba51cd79,Relais Uetliberg HB9UF [1pt]Shift: MHz,node_command_text,1,648,canonical/drawings/dr_ec2725d9655a,[],"[""$-7{,}6\\,$""]","{Relais Uetliberg\\HB9UF\\[1pt]Shift: $-7{,}6\,$MHz}",Relais Uetliberg HB9UF [1pt]Décalage : MHz,Relè Uetliberg HB9UF [1pt]Shift: MHz,Relais Uetliberg[[BR]]HB9UF[[BR]]Décalage :,Ripetitore Uetliberg[[BR]]HB9UF[[BR]]Offset:,ok,codex,Vérifié contre la source allemande et la structure TeX ; revue visuelle du SVG encore requise.
dtx_8027b371e0da,"= 438,650 MHz (Eingabe) TSQ 71,9 Hz",node_command_text,1,648,canonical/drawings/dr_ec2725d9655a,[],"[""$f_1$""]","{$f_1$ = 438,650 MHz\\(Eingabe) TSQ 71,9\,Hz}","= 438,650 MHz (Entrée) TSQ 71,9 Hz","= 438,650 MHz (Ingresso) TSQ 71,9 Hz","= 438,650 MHz[[BR]](entrée) TSQ 71,9 Hz","= 438,650 MHz[[BR]](ingresso) TSQ 71,9 Hz",ok,codex,Vérifié contre la source allemande et la structure TeX ; revue visuelle du SVG encore requise.
dtx_c9bb754ff8f7,"= 431,050 MHz (Ausgabe)",node_command_text,1,648,canonical/drawings/dr_ec2725d9655a,[],"[""$f_2$""]","{$f_2$ = 431,050 MHz\\(Ausgabe)}","= 431,050 MHz (Sortie)","= 431,050 MHz (Uscita)","= 431,050 MHz[[BR]](sortie)","= 431,050 MHz[[BR]](uscita)",ok,codex,Vérifié contre la source allemande et la structure TeX ; revue visuelle du SVG encore requise.
dtx_5f71b61bb860,"Eingabe = Relais empf\""angt (Nutzer sendet) Ausgabe = Relais sendet (Nutzer empf\""angt)",node_command_text,1,648,canonical/drawings/dr_ec2725d9655a,[],"[""$\\cdot$""]","{Eingabe = Relais empf\""angt (Nutzer sendet) $\cdot$ Ausgabe = Relais sendet (Nutzer empf\""angt)}",Entrée = Relais reçoit (Utilisateur émet) Sortie = Relais émet (Utilisateur reçoit),Ingresso = Relè riceve (utente trasmette) Uscita = Relè trasmette (utente riceve),Entrée = le relais reçoit (l’utilisateur émet) sortie = le relais émet (l’utilisateur reçoit),Ingresso = il ripetitore riceve (l’utente trasmette) uscita = il ripetitore trasmette (l’utente riceve),ok,codex,Vérifié contre la source allemande et la structure TeX ; revue visuelle du SVG encore requise.
dtx_b318b8a9fa4b,"Handfunkger\""at: Halbduplex -- sendet oder empf\""angt, gesteuert per Push-to-Talk (PTT)-Taste",node_command_text,1,648,canonical/drawings/dr_ec2725d9655a,[],[],"{Handfunkger\""at: Halbduplex -- sendet \textbf{oder} empf\""angt, gesteuert per Push-to-Talk (PTT)-Taste}","Émetteur-récepteur portable : Demi-duplex — émet ou reçoit, commandé par la touche Push-to-Talk (PTT)","Apparecchio portatile: Semiduplex -- trasmette o riceve, controllato tramite tasto Push-to-Talk (PTT)","Émetteur-récepteur portatif : semi-duplex -- émet ou reçoit, commandé par la touche Push-to-Talk (PTT)","Ricetrasmettitore portatile: semiduplex -- trasmette o riceve, comandato dal tasto Push-to-Talk (PTT)",ok,codex,Vérifié contre la source allemande et la structure TeX ; revue visuelle du SVG encore requise.
,Strom,math_text,,10102,canonical/drawings/dr_a7a7722dfbc9,,,,courant,corrente,écoulement,flusso,ok,codex,"Contexte du schéma hydraulique : écoulement d’eau, pas courant électrique ; exception contextuelle au glossaire."
