text_de_ori,text,fr,it,drawing_number,canonical_id,canonical_reference,source_tex,candidate_origin,category,fr_svg_status,it_svg_status,decision,reviewer,comment
/Div.,/Div.,,,43,dr_fd06100ac99c,canonical/drawings/dr_fd06100ac99c,43.de.tex,previously_marked_to_translate,pgfplots_ylabel,fallback_de,fallback_de,,,
/Div.,/Div.,,,52,dr_0e455aa883b2,canonical/drawings/dr_0e455aa883b2,52.de.tex,newly_detected,node_command_text,fallback_de,fallback_de,,,
/Div.,/Div.,,,53,dr_146a01eb3de2,canonical/drawings/dr_146a01eb3de2,53.de.tex,newly_detected,node_command_text,fallback_de,fallback_de,,,
/Div.,/Div.,,,55,dr_f59f1597f9d9,canonical/drawings/dr_f59f1597f9d9,55.de.tex,newly_detected,node_command_text,fallback_de,fallback_de,,,
/Div.,/Div.,,,56,dr_9db7520bd29c,canonical/drawings/dr_9db7520bd29c,56.de.tex,newly_detected,node_command_text,fallback_de,fallback_de,,,
/Div.,/Div.,,,78,dr_e10032c48423,canonical/drawings/dr_e10032c48423,78.de.tex,previously_marked_to_translate,pgfplots_ylabel,fallback_de,fallback_de,,,
/Div.,/Div.,,,108,dr_044d7b6f0c93,canonical/drawings/dr_044d7b6f0c93,108.de.tex,previously_marked_to_translate,pgfplots_ylabel,fallback_de,fallback_de,,,
/Div.,/Div.,,,490,dr_fbb9743f9445,canonical/drawings/dr_fbb9743f9445,490.de.tex,newly_detected,node_command_text,fallback_de,fallback_de,,,
0 dB,0 dB,,,38,dr_9e96ab1c4f2e,canonical/drawings/dr_9e96ab1c4f2e,38.de.tex,newly_detected,node_command_text,fallback_de,fallback_de,,,
0 dB,0 dB,,,880,dr_06d4aa56068c,canonical/drawings/dr_06d4aa56068c,880.de.tex,newly_detected,node_command_text,fallback_de,fallback_de,,,
1 kHz/Div.,1 kHz/Div.,,,38,dr_9e96ab1c4f2e,canonical/drawings/dr_9e96ab1c4f2e,38.de.tex,newly_detected,node_command_text,fallback_de,fallback_de,,,
1 kHz/Div.,1 kHz/Div.,,,880,dr_06d4aa56068c,canonical/drawings/dr_06d4aa56068c,880.de.tex,newly_detected,node_command_text,fallback_de,fallback_de,,,
1.ZF,1.ZF,1.FI,1.IF,82,dr_5683e16afdcc,canonical/drawings/dr_5683e16afdcc,82.de.tex,previously_marked_to_translate,circuitikz_bare_label,fallback_de,fallback_de,to_be_translated,,
1.ZF,1.ZF,1.FI,1.IF,83,dr_c3b934c45f36,canonical/drawings/dr_c3b934c45f36,83.de.tex,previously_marked_to_translate,circuitikz_bare_label,fallback_de,fallback_de,to_be_translated,,
1.ZF,1.ZF,1.FI,1.IF,84,dr_6c2ef49fdcb8,canonical/drawings/dr_6c2ef49fdcb8,84.de.tex,previously_marked_to_translate,circuitikz_bare_label,fallback_de,fallback_de,to_be_translated,,
1.ZF,1.ZF,1.FI,1.IF,90,dr_7ab97825b9e3,canonical/drawings/dr_7ab97825b9e3,90.de.tex,previously_marked_to_translate,circuitikz_bare_label,fallback_de,fallback_de,to_be_translated,,
1.ZF,1.ZF,1.FI,1.IF,93,dr_ffb02e6b61f6,canonical/drawings/dr_ffb02e6b61f6,93.de.tex,previously_marked_to_translate,circuitikz_bare_label,fallback_de,fallback_de,to_be_translated,,
1.ZF,1.ZF,1.FI,1.IF,968,dr_4d854bf3e1e8,canonical/drawings/dr_4d854bf3e1e8,968.de.tex,previously_marked_to_translate,circuitikz_bare_label,fallback_de,fallback_de,to_be_translated,,
1.ZF,1.ZF,1.FI,1.IF,969,dr_531d861a6c31,canonical/drawings/dr_531d861a6c31,969.de.tex,previously_marked_to_translate,circuitikz_bare_label,fallback_de,fallback_de,to_be_translated,,
1.ZF,1.ZF,1.FI,1.IF,970,dr_195a1b379f97,canonical/drawings/dr_195a1b379f97,970.de.tex,previously_marked_to_translate,circuitikz_bare_label,fallback_de,fallback_de,to_be_translated,,
1.ZF,1.ZF,1.FI,1.IF,976,dr_dd27f3802d8c,canonical/drawings/dr_dd27f3802d8c,976.de.tex,previously_marked_to_translate,circuitikz_bare_label,fallback_de,fallback_de,to_be_translated,,
10 dB/Div.,10 dB/Div.,,,38,dr_9e96ab1c4f2e,canonical/drawings/dr_9e96ab1c4f2e,38.de.tex,newly_detected,node_command_text,fallback_de,fallback_de,,,
10 dB/Div.,10 dB/Div.,,,880,dr_06d4aa56068c,canonical/drawings/dr_06d4aa56068c,880.de.tex,newly_detected,node_command_text,fallback_de,fallback_de,,,
2.ZF,2.ZF,2.FI,2.IF,82,dr_5683e16afdcc,canonical/drawings/dr_5683e16afdcc,82.de.tex,previously_marked_to_translate,circuitikz_bare_label,fallback_de,fallback_de,to_be_translated,,
2.ZF,2.ZF,2.FI,2.IF,83,dr_c3b934c45f36,canonical/drawings/dr_c3b934c45f36,83.de.tex,previously_marked_to_translate,circuitikz_bare_label,fallback_de,fallback_de,to_be_translated,,
2.ZF,2.ZF,2.FI,2.IF,84,dr_6c2ef49fdcb8,canonical/drawings/dr_6c2ef49fdcb8,84.de.tex,previously_marked_to_translate,circuitikz_bare_label,fallback_de,fallback_de,to_be_translated,,
2.ZF,2.ZF,2.FI,2.IF,90,dr_7ab97825b9e3,canonical/drawings/dr_7ab97825b9e3,90.de.tex,previously_marked_to_translate,circuitikz_bare_label,fallback_de,fallback_de,to_be_translated,,
2.ZF,2.ZF,2.FI,2.IF,93,dr_ffb02e6b61f6,canonical/drawings/dr_ffb02e6b61f6,93.de.tex,previously_marked_to_translate,circuitikz_bare_label,fallback_de,fallback_de,to_be_translated,,
2.ZF,2.ZF,2.FI,2.IF,968,dr_4d854bf3e1e8,canonical/drawings/dr_4d854bf3e1e8,968.de.tex,previously_marked_to_translate,circuitikz_bare_label,fallback_de,fallback_de,to_be_translated,,
2.ZF,2.ZF,2.FI,2.IF,969,dr_531d861a6c31,canonical/drawings/dr_531d861a6c31,969.de.tex,previously_marked_to_translate,circuitikz_bare_label,fallback_de,fallback_de,to_be_translated,,
2.ZF,2.ZF,2.FI,2.IF,970,dr_195a1b379f97,canonical/drawings/dr_195a1b379f97,970.de.tex,previously_marked_to_translate,circuitikz_bare_label,fallback_de,fallback_de,to_be_translated,,
2.ZF,2.ZF,2.FI,2.IF,976,dr_dd27f3802d8c,canonical/drawings/dr_dd27f3802d8c,976.de.tex,previously_marked_to_translate,circuitikz_bare_label,fallback_de,fallback_de,to_be_translated,,
3 [DARCgreen,3 [DARCgreen,,,893,dr_ede7ba883af0,canonical/drawings/dr_ede7ba883af0,893.de.tex,previously_marked_to_translate,circuitikz_bare_label,fallback_de,fallback_de,,,
3 [DARCgreen,3 [DARCgreen,,,894,dr_f0f82b914e54,canonical/drawings/dr_f0f82b914e54,894.de.tex,previously_marked_to_translate,circuitikz_bare_label,fallback_de,fallback_de,,,
3 [DARCgreen,3 [DARCgreen,,,895,dr_15d581e60222,canonical/drawings/dr_15d581e60222,895.de.tex,previously_marked_to_translate,circuitikz_bare_label,fallback_de,fallback_de,,,
3 [DARCgreen,3 [DARCgreen,,,897,dr_a3d9dfd82463,canonical/drawings/dr_a3d9dfd82463,897.de.tex,previously_marked_to_translate,circuitikz_bare_label,fallback_de,fallback_de,,,
3 [DARCgreen,3 [DARCgreen,,,898,dr_5249b0649ef1,canonical/drawings/dr_5249b0649ef1,898.de.tex,previously_marked_to_translate,circuitikz_bare_label,fallback_de,fallback_de,,,
3 [DARCgreen,3 [DARCgreen,,,899,dr_047ad5d4f8ea,canonical/drawings/dr_047ad5d4f8ea,899.de.tex,previously_marked_to_translate,circuitikz_bare_label,fallback_de,fallback_de,,,
3 V/Div.,3 V/Div.,,,57,dr_9c4ab0a8c1e2,canonical/drawings/dr_9c4ab0a8c1e2,57.de.tex,newly_detected,node_command_text,fallback_de,fallback_de,,,
3 V/Div.,3 V/Div.,,,75,dr_f6c0f34633f6,canonical/drawings/dr_f6c0f34633f6,75.de.tex,newly_detected,node_command_text,fallback_de,fallback_de,,,
3.ZF,3.ZF,3.FI,3.IF,969,dr_531d861a6c31,canonical/drawings/dr_531d861a6c31,969.de.tex,previously_marked_to_translate,circuitikz_bare_label,fallback_de,fallback_de,to_be_translated,,
3.ZF,3.ZF,3.FI,3.IF,976,dr_dd27f3802d8c,canonical/drawings/dr_dd27f3802d8c,976.de.tex,previously_marked_to_translate,circuitikz_bare_label,fallback_de,fallback_de,to_be_translated,,
4ASK,4ASK,,,701,dr_116ea4c1b68f,canonical/drawings/dr_116ea4c1b68f,701.de.tex,newly_detected,pgfplots_title,fallback_de,fallback_de,,,
5 ms/Div.,5 ms/Div.,,,75,dr_f6c0f34633f6,canonical/drawings/dr_f6c0f34633f6,75.de.tex,newly_detected,node_command_text,fallback_de,fallback_de,,,
50 s/Div.,50 s/Div.,,,57,dr_9c4ab0a8c1e2,canonical/drawings/dr_9c4ab0a8c1e2,57.de.tex,newly_detected,node_command_text,fallback_de,fallback_de,,,
8QAM,8QAM,,,697,dr_194a2aaa7053,canonical/drawings/dr_194a2aaa7053,697.de.tex,newly_detected,pgfplots_title,fallback_de,fallback_de,,,
8QAM,8QAM,,,702,dr_a2a8c6fdd798,canonical/drawings/dr_a2a8c6fdd798,702.de.tex,newly_detected,pgfplots_title,fallback_de,fallback_de,,,
AM,AM,,,716,dr_37ef4bd37fa3,canonical/drawings/dr_37ef4bd37fa3,716.de.tex,newly_detected,pgfplots_title,fallback_de,fallback_de,,,
ant,ant,,,447,dr_441733b812b8,canonical/drawings/dr_441733b812b8,447.de.tex,previously_marked_to_translate,math_text,fallback_de,fallback_de,,,
ASK,ASK,,,700,dr_1679635e666b,canonical/drawings/dr_1679635e666b,700.de.tex,newly_detected,pgfplots_title,fallback_de,fallback_de,,,
Audio,Audio,,,630,dr_2079b8f11324,canonical/drawings/dr_2079b8f11324,630.de.tex,newly_detected,node_command_text,fallback_de,fallback_de,,,
BE,BE,,,863,dr_eacfe984b9a6,canonical/drawings/dr_eacfe984b9a6,863.de.tex,previously_marked_to_translate,math_text,fallback_de,fallback_de,,,
BIAS,BIAS,,,773,dr_cb44e84a9370,canonical/drawings/dr_cb44e84a9370,773.de.tex,previously_marked_to_translate,math_text,fallback_de,fallback_de,,,
bzw.,bzw.,resp.,risp.,999,dr_d5b7f32ec4cc,canonical/drawings/dr_d5b7f32ec4cc,999.de.tex,newly_detected,pgfplots_legend,fallback_de,fallback_de,to_be_translated,,
CAT,CAT,,,630,dr_2079b8f11324,canonical/drawings/dr_2079b8f11324,630.de.tex,newly_detected,node_command_text,fallback_de,fallback_de,,,
CC,CC,,,773,dr_cb44e84a9370,canonical/drawings/dr_cb44e84a9370,773.de.tex,previously_marked_to_translate,math_text,fallback_de,fallback_de,,,
CE,CE,,,863,dr_eacfe984b9a6,canonical/drawings/dr_eacfe984b9a6,863.de.tex,previously_marked_to_translate,math_text,fallback_de,fallback_de,,,
CT,CT,,,656,dr_5d21d43d8023,canonical/drawings/dr_5d21d43d8023,656.de.tex,newly_detected,node_command_text,fallback_de,fallback_de,,,
dB,dB,,,742,dr_7f063f9e1a7e,canonical/drawings/dr_7f063f9e1a7e,742.de.tex,previously_marked_to_translate,pgfplots_ylabel,fallback_de,fallback_de,,,
DB0FZ,DB0FZ,,,542,dr_5d75720f14fd,canonical/drawings/dr_5d75720f14fd,542.de.tex,newly_detected,node_command_text,fallback_de,fallback_de,,,
DB0HOB,DB0HOB,,,542,dr_5d75720f14fd,canonical/drawings/dr_5d75720f14fd,542.de.tex,newly_detected,node_command_text,fallback_de,fallback_de,,,
Dipolschenkel 1,Dipolschenkel 1,bras du dipôle 1,braccio del dipolo 1,633,dr_909d30dc7bfe,canonical/drawings/dr_909d30dc7bfe,633.de.tex,newly_detected,node_command_text,fallback_de,fallback_de,to_be_translated,,
Dipolschenkel 2,Dipolschenkel 2,bras du dipôle 2,braccio del dipolo 2,633,dr_909d30dc7bfe,canonical/drawings/dr_909d30dc7bfe,633.de.tex,newly_detected,node_command_text,fallback_de,fallback_de,to_be_translated,,
Distanz,Distanz,distance,distanza,872,dr_74a9265ba73f,canonical/drawings/dr_74a9265ba73f,872.de.tex,previously_marked_to_translate,pgfplots_ylabel,fallback_de,fallback_de,to_be_translated,,
Distanz [km],Distanz [km],distance [km],distanza [km],994,dr_1fd4f7e0651a,canonical/drawings/dr_1fd4f7e0651a,994.de.tex,previously_marked_to_translate,pgfplots_xlabel,fallback_de,fallback_de,to_be_translated,,
Distanz [km],Distanz [km],distance [km],distanza [km],995,dr_38ad714a80ba,canonical/drawings/dr_38ad714a80ba,995.de.tex,previously_marked_to_translate,pgfplots_xlabel,fallback_de,fallback_de,to_be_translated,,
Distanz [km],Distanz [km],distance [km],distanza [km],996,dr_c0254ca7e657,canonical/drawings/dr_c0254ca7e657,996.de.tex,previously_marked_to_translate,pgfplots_xlabel,fallback_de,fallback_de,to_be_translated,,
Distanz [km],Distanz [km],distance [km],distanza [km],997,dr_3555d09607af,canonical/drawings/dr_3555d09607af,997.de.tex,previously_marked_to_translate,pgfplots_xlabel,fallback_de,fallback_de,to_be_translated,,
Distanz [km],Distanz [km],distance [km],distanza [km],998,dr_58d61252789c,canonical/drawings/dr_58d61252789c,998.de.tex,previously_marked_to_translate,pgfplots_xlabel,fallback_de,fallback_de,to_be_translated,,
DL,DL,,,656,dr_5d21d43d8023,canonical/drawings/dr_5d21d43d8023,656.de.tex,newly_detected,node_command_text,fallback_de,fallback_de,,,
DL1FLO,DL1FLO,,,668,dr_4c48a1d86f3a,canonical/drawings/dr_4c48a1d86f3a,668.de.tex,newly_detected,node_command_text,fallback_de,fallback_de,,,
DN9YI,DN9YI,,,542,dr_5d75720f14fd,canonical/drawings/dr_5d75720f14fd,542.de.tex,newly_detected,node_command_text,fallback_de,fallback_de,,,
Durchlass- bereich,Durchlassbereich,bande passante,banda passante,400,dr_a3b52efc8b99,canonical/drawings/dr_a3b52efc8b99,400.de.tex,newly_detected,node_command_text,fallback_de,fallback_de,to_be_translated,,
Durchlass- bereich,Durchlassbereich,bande passante,banda passante,401,dr_e4ef2fda766a,canonical/drawings/dr_e4ef2fda766a,401.de.tex,newly_detected,node_command_text,fallback_de,fallback_de,to_be_translated,,
Durchlass- bereich,Durchlassbereich,bande passante,banda passante,402,dr_04f4064cd923,canonical/drawings/dr_04f4064cd923,402.de.tex,newly_detected,node_command_text,fallback_de,fallback_de,to_be_translated,,
Durchlass- bereich,Durchlassbereich,bande passante,banda passante,403,dr_090781debad1,canonical/drawings/dr_090781debad1,403.de.tex,newly_detected,node_command_text,fallback_de,fallback_de,to_be_translated,,
Durchlass- bereich,Durchlassbereich,bande passante,banda passante,655,dr_79776adf1c24,canonical/drawings/dr_79776adf1c24,655.de.tex,newly_detected,node_command_text,fallback_de,fallback_de,to_be_translated,,
Dämpfung,Dämpfung,atténuation,attenuazione,1078,dr_e310639ecb2e,canonical/drawings/dr_e310639ecb2e,1078.de.tex,newly_detected,pgfplots_legend,fallback_de,fallback_de,to_be_translated,,
Dämpfung [dB],Dämpfung [dB],atténuation [dB],attenuazione [dB],1010,dr_2f1492a8022d,canonical/drawings/dr_2f1492a8022d,1010.de.tex,previously_marked_to_translate,pgfplots_ylabel,fallback_de,fallback_de,to_be_translated,,
EA,EA,,,656,dr_5d21d43d8023,canonical/drawings/dr_5d21d43d8023,656.de.tex,newly_detected,node_command_text,fallback_de,fallback_de,,,
eff,eff,,,834,dr_8792447f4277,canonical/drawings/dr_8792447f4277,834.de.tex,previously_marked_to_translate,math_text,fallback_de,fallback_de,,,
EK,EK,,,656,dr_5d21d43d8023,canonical/drawings/dr_5d21d43d8023,656.de.tex,newly_detected,node_command_text,fallback_de,fallback_de,,,
ER,ER,,,656,dr_5d21d43d8023,canonical/drawings/dr_5d21d43d8023,656.de.tex,newly_detected,node_command_text,fallback_de,fallback_de,,,
Erde,Erde,terre,terra,192,dr_c2c4d5ff5ff4,canonical/drawings/dr_c2c4d5ff5ff4,192.de.tex,newly_detected,node_command_text,fallback_de,fallback_de,to_be_translated,,
Erde,Erde,terre,terra,193,dr_41299e8c11e9,canonical/drawings/dr_41299e8c11e9,193.de.tex,newly_detected,node_command_text,fallback_de,fallback_de,to_be_translated,,
Erde,Erde,terre,terra,194,dr_ddc7287c0ac7,canonical/drawings/dr_ddc7287c0ac7,194.de.tex,newly_detected,node_command_text,fallback_de,fallback_de,to_be_translated,,
Erde,Erde,terre,terra,203,dr_2bd9759d65d2,canonical/drawings/dr_2bd9759d65d2,203.de.tex,newly_detected,node_command_text,fallback_de,fallback_de,to_be_translated,,
Erde,Erde,terre,terra,204,dr_07d381b1ba01,canonical/drawings/dr_07d381b1ba01,204.de.tex,newly_detected,node_command_text,fallback_de,fallback_de,to_be_translated,,
Erde,Erde,terre,terra,883,dr_f9db21bc3008,canonical/drawings/dr_f9db21bc3008,883.de.tex,newly_detected,node_command_text,fallback_de,fallback_de,to_be_translated,,
Erde,Erde,terre,terra,884,dr_e2618c00d169,canonical/drawings/dr_e2618c00d169,884.de.tex,newly_detected,node_command_text,fallback_de,fallback_de,to_be_translated,,
Erde,Erde,terre,terra,885,dr_8ab5ef664247,canonical/drawings/dr_8ab5ef664247,885.de.tex,newly_detected,node_command_text,fallback_de,fallback_de,to_be_translated,,
Erde,Erde,terre,terra,886,dr_80147de134af,canonical/drawings/dr_80147de134af,886.de.tex,newly_detected,node_command_text,fallback_de,fallback_de,to_be_translated,,
Erde,Erde,terre,terra,935,dr_738ebdcbd799,canonical/drawings/dr_738ebdcbd799,935.de.tex,newly_detected,node_command_text,fallback_de,fallback_de,to_be_translated,,
Erde,Erde,terre,terra,936,dr_63f83c1ed536,canonical/drawings/dr_63f83c1ed536,936.de.tex,newly_detected,node_command_text,fallback_de,fallback_de,to_be_translated,,
ES,ES,ES,ES,656,dr_5d21d43d8023,canonical/drawings/dr_5d21d43d8023,656.de.tex,newly_detected,node_command_text,fallback_de,fallback_de,,,
EU,EU,,,656,dr_5d21d43d8023,canonical/drawings/dr_5d21d43d8023,656.de.tex,newly_detected,node_command_text,fallback_de,fallback_de,,,
Feldstärke in,Feldstärke in,intensité de champ en,intensità di campo in,979,dr_ee75e69047e4,canonical/drawings/dr_ee75e69047e4,979.de.tex,previously_marked_to_translate,pgfplots_ylabel,fallback_de,fallback_de,to_be_translated,,
Feldstärke in,Feldstärke in,intensité de champ en,intensità di campo in,980,dr_5e2f54ffb534,canonical/drawings/dr_5e2f54ffb534,980.de.tex,previously_marked_to_translate,pgfplots_ylabel,fallback_de,fallback_de,to_be_translated,,
Feldstärke in,Feldstärke in,intensité de champ en,intensità di campo in,981,dr_fb7617613398,canonical/drawings/dr_fb7617613398,981.de.tex,previously_marked_to_translate,pgfplots_ylabel,fallback_de,fallback_de,to_be_translated,,
Flux,Flux,flux,flusso,988,dr_a2f0b10b33da,canonical/drawings/dr_a2f0b10b33da,988.de.tex,newly_detected,pgfplots_legend,fallback_de,fallback_de,to_be_translated,,
FM,FM,,,711,dr_318137d91f10,canonical/drawings/dr_318137d91f10,711.de.tex,newly_detected,pgfplots_title,fallback_de,fallback_de,,,
Frequenz [ ],Frequenz [ ],fréquence [ ],frequenza [ ],742,dr_7f063f9e1a7e,canonical/drawings/dr_7f063f9e1a7e,742.de.tex,previously_marked_to_translate,pgfplots_xlabel,fallback_de,fallback_de,to_be_translated,,
Frequenz [MHz],Frequenz [MHz],fréquence [MHz],frequenza [MHz],991,dr_510813f24e20,canonical/drawings/dr_510813f24e20,991.de.tex,previously_marked_to_translate,pgfplots_ylabel,fallback_de,fallback_de,to_be_translated,,
Frequenz [MHz],Frequenz [MHz],fréquence [MHz],frequenza [MHz],999,dr_d5b7f32ec4cc,canonical/drawings/dr_d5b7f32ec4cc,999.de.tex,previously_marked_to_translate,pgfplots_ylabel,fallback_de,fallback_de,to_be_translated,,
Frequenz in,Frequenz in,fréquence en,frequenza in,979,dr_ee75e69047e4,canonical/drawings/dr_ee75e69047e4,979.de.tex,previously_marked_to_translate,pgfplots_xlabel,fallback_de,fallback_de,to_be_translated,,
Frequenz in,Frequenz in,fréquence en,frequenza in,980,dr_5e2f54ffb534,canonical/drawings/dr_5e2f54ffb534,980.de.tex,previously_marked_to_translate,pgfplots_xlabel,fallback_de,fallback_de,to_be_translated,,
Frequenz in,Frequenz in,fréquence en,frequenza in,981,dr_fb7617613398,canonical/drawings/dr_fb7617613398,981.de.tex,previously_marked_to_translate,pgfplots_xlabel,fallback_de,fallback_de,to_be_translated,,
FSK,FSK,,,703,dr_647c40e3173e,canonical/drawings/dr_647c40e3173e,703.de.tex,newly_detected,pgfplots_title,fallback_de,fallback_de,,,
FT8,FT8,,,718,dr_53626634e2b3,canonical/drawings/dr_53626634e2b3,718.de.tex,newly_detected,pgfplots_title,fallback_de,fallback_de,,,
HA,HA,,,656,dr_5d21d43d8023,canonical/drawings/dr_5d21d43d8023,656.de.tex,newly_detected,node_command_text,fallback_de,fallback_de,,,
HB9,HB9,,,656,dr_5d21d43d8023,canonical/drawings/dr_5d21d43d8023,656.de.tex,newly_detected,node_command_text,fallback_de,fallback_de,,,
Hostanteil,Hostanteil,partie hôte,parte host,699,dr_c7a0b4760db9,canonical/drawings/dr_c7a0b4760db9,699.de.tex,newly_detected,node_command_text,fallback_de,fallback_de,to_be_translated,,
Höhe [km],Höhe [km],altitude [km],altezza [km],994,dr_1fd4f7e0651a,canonical/drawings/dr_1fd4f7e0651a,994.de.tex,previously_marked_to_translate,pgfplots_ylabel,fallback_de,fallback_de,to_be_translated,,
Höhe [km],Höhe [km],altitude [km],altezza [km],995,dr_38ad714a80ba,canonical/drawings/dr_38ad714a80ba,995.de.tex,previously_marked_to_translate,pgfplots_ylabel,fallback_de,fallback_de,to_be_translated,,
Höhe [km],Höhe [km],altitude [km],altezza [km],996,dr_c0254ca7e657,canonical/drawings/dr_c0254ca7e657,996.de.tex,previously_marked_to_translate,pgfplots_ylabel,fallback_de,fallback_de,to_be_translated,,
Höhe [km],Höhe [km],altitude [km],altezza [km],997,dr_3555d09607af,canonical/drawings/dr_3555d09607af,997.de.tex,previously_marked_to_translate,pgfplots_ylabel,fallback_de,fallback_de,to_be_translated,,
Höhe [km],Höhe [km],altitude [km],altezza [km],998,dr_58d61252789c,canonical/drawings/dr_58d61252789c,998.de.tex,previously_marked_to_translate,pgfplots_ylabel,fallback_de,fallback_de,to_be_translated,,
IN,IN,,,773,dr_cb44e84a9370,canonical/drawings/dr_cb44e84a9370,773.de.tex,previously_marked_to_translate,math_text,fallback_de,fallback_de,,,
internes [-0.3em]Netz,internes Netz,réseau interne,rete interna,706,dr_9aaf79ee6f4d,canonical/drawings/dr_9aaf79ee6f4d,706.de.tex,newly_detected,node_command_text,fallback_de,fallback_de,to_be_translated,,
Internet,Internet,,,542,dr_5d75720f14fd,canonical/drawings/dr_5d75720f14fd,542.de.tex,newly_detected,node_command_text,fallback_de,fallback_de,,,
Internet,Internet,,,668,dr_4c48a1d86f3a,canonical/drawings/dr_4c48a1d86f3a,668.de.tex,newly_detected,node_command_text,fallback_de,fallback_de,,,
Internet- [-0.3em]anschluss,Internetanschluss,connexion Internet,connessione Internet,706,dr_9aaf79ee6f4d,canonical/drawings/dr_9aaf79ee6f4d,706.de.tex,newly_detected,node_command_text,fallback_de,fallback_de,to_be_translated,,
IPv4-Adresse,IPv4-Adresse,,,699,dr_c7a0b4760db9,canonical/drawings/dr_c7a0b4760db9,699.de.tex,newly_detected,node_command_text,fallback_de,fallback_de,,,
Jahre,Jahre,années,anni,729,dr_5378a9407d08,canonical/drawings/dr_5378a9407d08,729.de.tex,previously_marked_to_translate,pgfplots_xlabel,fallback_de,fallback_de,to_be_translated,,
Jahre,Jahre,années,anni,988,dr_a2f0b10b33da,canonical/drawings/dr_a2f0b10b33da,988.de.tex,previously_marked_to_translate,pgfplots_xlabel,fallback_de,fallback_de,to_be_translated,,
LA,LA,,,656,dr_5d21d43d8023,canonical/drawings/dr_5d21d43d8023,656.de.tex,newly_detected,node_command_text,fallback_de,fallback_de,,,
Lampe,Lampe,lampe,lampada,541,dr_f8eebd8baf79,canonical/drawings/dr_f8eebd8baf79,541.de.tex,previously_marked_to_translate,math_text,fallback_de,fallback_de,to_be_translated,,
Leistung,Leistung,puissance,potenza,1078,dr_e310639ecb2e,canonical/drawings/dr_e310639ecb2e,1078.de.tex,newly_detected,pgfplots_legend,fallback_de,fallback_de,to_be_translated,,
LX,LX,,,656,dr_5d21d43d8023,canonical/drawings/dr_5d21d43d8023,656.de.tex,newly_detected,node_command_text,fallback_de,fallback_de,,,
LY,LY,,,656,dr_5d21d43d8023,canonical/drawings/dr_5d21d43d8023,656.de.tex,newly_detected,node_command_text,fallback_de,fallback_de,,,
LZ,LZ,,,656,dr_5d21d43d8023,canonical/drawings/dr_5d21d43d8023,656.de.tex,newly_detected,node_command_text,fallback_de,fallback_de,,,
mech.,mech.,méc.,mecc.,563,dr_e8f5eeb2e506,canonical/drawings/dr_e8f5eeb2e506,563.de.tex,previously_marked_to_translate,math_text,fallback_de,fallback_de,to_be_translated,,
mech.,mech.,méc.,mecc.,650,dr_0a4f9f531916,canonical/drawings/dr_0a4f9f531916,650.de.tex,previously_marked_to_translate,math_text,fallback_de,fallback_de,to_be_translated,,
MMIC,MMIC,,,773,dr_cb44e84a9370,canonical/drawings/dr_cb44e84a9370,773.de.tex,previously_marked_to_translate,math_text,fallback_de,fallback_de,,,
mod max,mod max,,,910,dr_a12eb4c4d865,canonical/drawings/dr_a12eb4c4d865,910.de.tex,previously_marked_to_translate,math_text,fallback_de,fallback_de,,,
MUF,MUF,,,999,dr_d5b7f32ec4cc,canonical/drawings/dr_d5b7f32ec4cc,999.de.tex,newly_detected,pgfplots_legend,fallback_de,fallback_de,,,
Netzanteil,Netzanteil,partie réseau,parte rete,699,dr_c7a0b4760db9,canonical/drawings/dr_c7a0b4760db9,699.de.tex,newly_detected,node_command_text,fallback_de,fallback_de,to_be_translated,,
Netzmaske,Netzmaske,masque de sous-réseau,maschera di sottorete,699,dr_c7a0b4760db9,canonical/drawings/dr_c7a0b4760db9,699.de.tex,newly_detected,node_command_text,fallback_de,fallback_de,to_be_translated,,
Netzwerk,Netzwerk,réseau,rete,630,dr_2079b8f11324,canonical/drawings/dr_2079b8f11324,630.de.tex,newly_detected,node_command_text,fallback_de,fallback_de,to_be_translated,,
NF,NF,BF,BF,82,dr_5683e16afdcc,canonical/drawings/dr_5683e16afdcc,82.de.tex,previously_marked_to_translate,circuitikz_bare_label,fallback_de,fallback_de,to_be_translated,,
NF,NF,BF,BF,83,dr_c3b934c45f36,canonical/drawings/dr_c3b934c45f36,83.de.tex,previously_marked_to_translate,circuitikz_bare_label,fallback_de,fallback_de,to_be_translated,,
NF,NF,BF,BF,84,dr_6c2ef49fdcb8,canonical/drawings/dr_6c2ef49fdcb8,84.de.tex,previously_marked_to_translate,circuitikz_bare_label,fallback_de,fallback_de,to_be_translated,,
NF,NF,BF,BF,90,dr_7ab97825b9e3,canonical/drawings/dr_7ab97825b9e3,90.de.tex,previously_marked_to_translate,circuitikz_bare_label,fallback_de,fallback_de,to_be_translated,,
NF,NF,BF,BF,93,dr_ffb02e6b61f6,canonical/drawings/dr_ffb02e6b61f6,93.de.tex,previously_marked_to_translate,circuitikz_bare_label,fallback_de,fallback_de,to_be_translated,,
NF,NF,BF,BF,803,dr_9d99a23721b2,canonical/drawings/dr_9d99a23721b2,803.de.tex,previously_marked_to_translate,circuitikz_bare_label,fallback_de,fallback_de,to_be_translated,,
NF,NF,BF,BF,827,dr_6c33dcd43376,canonical/drawings/dr_6c33dcd43376,827.de.tex,previously_marked_to_translate,math_text,fallback_de,fallback_de,to_be_translated,,
NF,NF,BF,BF,838,dr_da829294ae58,canonical/drawings/dr_da829294ae58,838.de.tex,previously_marked_to_translate,circuitikz_bare_label,fallback_de,fallback_de,to_be_translated,,
NF,NF,BF,BF,839,dr_5d9a78948275,canonical/drawings/dr_5d9a78948275,839.de.tex,previously_marked_to_translate,circuitikz_bare_label,fallback_de,fallback_de,to_be_translated,,
NF,NF,BF,BF,910,dr_a12eb4c4d865,canonical/drawings/dr_a12eb4c4d865,910.de.tex,previously_marked_to_translate,math_text,fallback_de,fallback_de,to_be_translated,,
NF,NF,BF,BF,913,dr_7ffd53570773,canonical/drawings/dr_7ffd53570773,913.de.tex,previously_marked_to_translate,circuitikz_bare_label,fallback_de,fallback_de,to_be_translated,,
NF,NF,BF,BF,968,dr_4d854bf3e1e8,canonical/drawings/dr_4d854bf3e1e8,968.de.tex,previously_marked_to_translate,circuitikz_bare_label,fallback_de,fallback_de,to_be_translated,,
NF,NF,BF,BF,970,dr_195a1b379f97,canonical/drawings/dr_195a1b379f97,970.de.tex,previously_marked_to_translate,circuitikz_bare_label,fallback_de,fallback_de,to_be_translated,,
normierter Wert,normierter Wert,valeur normalisée,valore normalizzato,1078,dr_e310639ecb2e,canonical/drawings/dr_e310639ecb2e,1078.de.tex,previously_marked_to_translate,pgfplots_ylabel,fallback_de,fallback_de,to_be_translated,,
oF2,oF2,oF2,oF2,999,dr_d5b7f32ec4cc,canonical/drawings/dr_d5b7f32ec4cc,999.de.tex,previously_marked_to_translate,math_text,fallback_de,fallback_de,,,
OFDM,OFDM,,,704,dr_f1897d5df9d0,canonical/drawings/dr_f1897d5df9d0,704.de.tex,newly_detected,pgfplots_title,fallback_de,fallback_de,,,
OH,OH,,,656,dr_5d21d43d8023,canonical/drawings/dr_5d21d43d8023,656.de.tex,newly_detected,node_command_text,fallback_de,fallback_de,,,
OK,OK,,,656,dr_5d21d43d8023,canonical/drawings/dr_5d21d43d8023,656.de.tex,newly_detected,node_command_text,fallback_de,fallback_de,,,
OM,OM,,,656,dr_5d21d43d8023,canonical/drawings/dr_5d21d43d8023,656.de.tex,newly_detected,node_command_text,fallback_de,fallback_de,,,
ON,ON,,,656,dr_5d21d43d8023,canonical/drawings/dr_5d21d43d8023,656.de.tex,newly_detected,node_command_text,fallback_de,fallback_de,,,
OUT,OUT,,,773,dr_cb44e84a9370,canonical/drawings/dr_cb44e84a9370,773.de.tex,previously_marked_to_translate,math_text,fallback_de,fallback_de,,,
PA,PA,,,656,dr_5d21d43d8023,canonical/drawings/dr_5d21d43d8023,656.de.tex,newly_detected,node_command_text,fallback_de,fallback_de,,,
Phasen- [-0.1em]wechsel,Phasenwechsel,changement[[BR]]de phase,cambio[[BR]]di fase,702,dr_a2a8c6fdd798,canonical/drawings/dr_a2a8c6fdd798,702.de.tex,newly_detected,node_command_text,fallback_de,fallback_de,to_be_translated,,
Phasen- [-0.1em]wechsel,Phasenwechsel,changement[[BR]]de phase,cambio[[BR]]di fase,705,dr_476e0c99214d,canonical/drawings/dr_476e0c99214d,705.de.tex,newly_detected,node_command_text,fallback_de,fallback_de,to_be_translated,,
PSK,PSK,,,705,dr_476e0c99214d,canonical/drawings/dr_476e0c99214d,705.de.tex,newly_detected,pgfplots_title,fallback_de,fallback_de,,,
PTT,PTT,,,630,dr_2079b8f11324,canonical/drawings/dr_2079b8f11324,630.de.tex,newly_detected,node_command_text,fallback_de,fallback_de,,,
Remote,Remote,,,668,dr_4c48a1d86f3a,canonical/drawings/dr_4c48a1d86f3a,668.de.tex,newly_detected,node_command_text,fallback_de,fallback_de,,,
res,res,,,841,dr_55a3c0a171ee,canonical/drawings/dr_55a3c0a171ee,841.de.tex,previously_marked_to_translate,math_text,fallback_de,fallback_de,,,
RF,RF,,,773,dr_cb44e84a9370,canonical/drawings/dr_cb44e84a9370,773.de.tex,previously_marked_to_translate,math_text,fallback_de,fallback_de,,,
Router,Router,,,706,dr_9aaf79ee6f4d,canonical/drawings/dr_9aaf79ee6f4d,706.de.tex,newly_detected,node_command_text,fallback_de,fallback_de,,,
Server- [-0.3em]netz,Servernetz,réseau de[[BR]]serveurs,rete dei[[BR]] server,706,dr_9aaf79ee6f4d,canonical/drawings/dr_9aaf79ee6f4d,706.de.tex,newly_detected,node_command_text,fallback_de,fallback_de,to_be_translated,,
SiO,SiO,,,1073,dr_97fccd540532,canonical/drawings/dr_97fccd540532,1073.de.tex,previously_marked_to_translate,math_text,fallback_de,fallback_de,,,
SiO,SiO,,,1074,dr_5add1f7b11cd,canonical/drawings/dr_5add1f7b11cd,1074.de.tex,previously_marked_to_translate,math_text,fallback_de,fallback_de,,,
SM,SM,,,656,dr_5d21d43d8023,canonical/drawings/dr_5d21d43d8023,656.de.tex,newly_detected,node_command_text,fallback_de,fallback_de,,,
Sommer Nacht,Sommer Nacht,nuit d’été,notte estiva,996,dr_c0254ca7e657,canonical/drawings/dr_c0254ca7e657,996.de.tex,newly_detected,pgfplots_legend,fallback_de,fallback_de,to_be_translated,,
Sommer Tag,Sommer Tag,jour d’été,giorno estivo,996,dr_c0254ca7e657,canonical/drawings/dr_c0254ca7e657,996.de.tex,newly_detected,pgfplots_legend,fallback_de,fallback_de,to_be_translated,,
Sonnenflecken,Sonnenflecken,taches solaires,macchie solari,988,dr_a2f0b10b33da,canonical/drawings/dr_a2f0b10b33da,988.de.tex,newly_detected,pgfplots_legend,fallback_de,fallback_de,to_be_translated,,
Sonnenflecken im Mittel pro Monat,Sonnenflecken im Mittel pro Monat,nombre moyen de taches solaires par mois,numero medio di macchie solari al mese,729,dr_5378a9407d08,canonical/drawings/dr_5378a9407d08,729.de.tex,previously_marked_to_translate,pgfplots_ylabel,fallback_de,fallback_de,to_be_translated,,
SP,SP,,,656,dr_5d21d43d8023,canonical/drawings/dr_5d21d43d8023,656.de.tex,newly_detected,node_command_text,fallback_de,fallback_de,,,
Sperrbereich,Sperrbereich,bande d’arrêt,banda di arresto,400,dr_a3b52efc8b99,canonical/drawings/dr_a3b52efc8b99,400.de.tex,newly_detected,node_command_text,fallback_de,fallback_de,to_be_translated,,
Sperrbereich,Sperrbereich,bande d’arrêt,banda di arresto,401,dr_e4ef2fda766a,canonical/drawings/dr_e4ef2fda766a,401.de.tex,newly_detected,node_command_text,fallback_de,fallback_de,to_be_translated,,
Sperrbereich,Sperrbereich,bande d’arrêt,banda di arresto,402,dr_04f4064cd923,canonical/drawings/dr_04f4064cd923,402.de.tex,newly_detected,node_command_text,fallback_de,fallback_de,to_be_translated,,
Sperrbereich,Sperrbereich,bande d’arrêt,banda di arresto,403,dr_090781debad1,canonical/drawings/dr_090781debad1,403.de.tex,newly_detected,node_command_text,fallback_de,fallback_de,to_be_translated,,
Sperrbereich,Sperrbereich,bande d’arrêt,banda di arresto,655,dr_79776adf1c24,canonical/drawings/dr_79776adf1c24,655.de.tex,newly_detected,node_command_text,fallback_de,fallback_de,to_be_translated,,
ss,ss,,,834,dr_8792447f4277,canonical/drawings/dr_8792447f4277,834.de.tex,previously_marked_to_translate,math_text,fallback_de,fallback_de,,,
Stunden,Stunden,heures,ore,991,dr_510813f24e20,canonical/drawings/dr_510813f24e20,991.de.tex,previously_marked_to_translate,pgfplots_xlabel,fallback_de,fallback_de,to_be_translated,,
SV,SV,,,656,dr_5d21d43d8023,canonical/drawings/dr_5d21d43d8023,656.de.tex,newly_detected,node_command_text,fallback_de,fallback_de,,,
TA,TA,,,656,dr_5d21d43d8023,canonical/drawings/dr_5d21d43d8023,656.de.tex,newly_detected,node_command_text,fallback_de,fallback_de,,,
th,th,,,861,dr_40c4c063c535,canonical/drawings/dr_40c4c063c535,861.de.tex,previously_marked_to_translate,math_text,fallback_de,fallback_de,,,
th,th,,,862,dr_578b401809dd,canonical/drawings/dr_578b401809dd,862.de.tex,previously_marked_to_translate,math_text,fallback_de,fallback_de,,,
UR,UR,,,656,dr_5d21d43d8023,canonical/drawings/dr_5d21d43d8023,656.de.tex,newly_detected,node_command_text,fallback_de,fallback_de,,,
USB,USB,,,630,dr_2079b8f11324,canonical/drawings/dr_2079b8f11324,630.de.tex,newly_detected,node_command_text,fallback_de,fallback_de,,,
Wellenwiderstand in (log),Wellenwiderstand in (log),impédance caractéristique en (log),impedenza caratteristica in (log),1078,dr_e310639ecb2e,canonical/drawings/dr_e310639ecb2e,1078.de.tex,previously_marked_to_translate,pgfplots_xlabel,fallback_de,fallback_de,to_be_translated,,
Wert,Wert,valeur,valore,408,dr_1162d81517f1,canonical/drawings/dr_1162d81517f1,408.de.tex,newly_detected,pgfplots_ylabel,fallback_de,fallback_de,to_be_translated,,
Wert,Wert,valeur,valore,409,dr_07cfdd1e7d98,canonical/drawings/dr_07cfdd1e7d98,409.de.tex,newly_detected,pgfplots_ylabel,fallback_de,fallback_de,to_be_translated,,
Wert,Wert,valeur,valore,410,dr_df01997a76d3,canonical/drawings/dr_df01997a76d3,410.de.tex,newly_detected,pgfplots_ylabel,fallback_de,fallback_de,to_be_translated,,
Wert,Wert,valeur,valore,411,dr_36052217a4d8,canonical/drawings/dr_36052217a4d8,411.de.tex,newly_detected,pgfplots_ylabel,fallback_de,fallback_de,to_be_translated,,
Winter Nacht,Winter Nacht,nuit d’hiver,notte invernale,996,dr_c0254ca7e657,canonical/drawings/dr_c0254ca7e657,996.de.tex,newly_detected,pgfplots_legend,fallback_de,fallback_de,to_be_translated,,
Winter Tag,Winter Tag,jour d’hiver,giorno invernale,996,dr_c0254ca7e657,canonical/drawings/dr_c0254ca7e657,996.de.tex,newly_detected,pgfplots_legend,fallback_de,fallback_de,to_be_translated,,
YL,YL,,,656,dr_5d21d43d8023,canonical/drawings/dr_5d21d43d8023,656.de.tex,newly_detected,node_command_text,fallback_de,fallback_de,,,
YO,YO,,,656,dr_5d21d43d8023,canonical/drawings/dr_5d21d43d8023,656.de.tex,newly_detected,node_command_text,fallback_de,fallback_de,,,
YU,YU,,,656,dr_5d21d43d8023,canonical/drawings/dr_5d21d43d8023,656.de.tex,newly_detected,node_command_text,fallback_de,fallback_de,,,
ZA,ZA,,,656,dr_5d21d43d8023,canonical/drawings/dr_5d21d43d8023,656.de.tex,newly_detected,node_command_text,fallback_de,fallback_de,,,
Zeit,Zeit,temps,tempo,408,dr_1162d81517f1,canonical/drawings/dr_1162d81517f1,408.de.tex,newly_detected,pgfplots_xlabel,fallback_de,fallback_de,to_be_translated,,
Zeit,Zeit,temps,tempo,409,dr_07cfdd1e7d98,canonical/drawings/dr_07cfdd1e7d98,409.de.tex,newly_detected,pgfplots_xlabel,fallback_de,fallback_de,to_be_translated,,
Zeit,Zeit,temps,tempo,410,dr_df01997a76d3,canonical/drawings/dr_df01997a76d3,410.de.tex,newly_detected,pgfplots_xlabel,fallback_de,fallback_de,to_be_translated,,
Zeit,Zeit,temps,tempo,411,dr_36052217a4d8,canonical/drawings/dr_36052217a4d8,411.de.tex,newly_detected,pgfplots_xlabel,fallback_de,fallback_de,to_be_translated,,
Zeit [Stunden],Zeit [Stunden],temps [heures],tempo [ore],999,dr_d5b7f32ec4cc,canonical/drawings/dr_d5b7f32ec4cc,999.de.tex,previously_marked_to_translate,pgfplots_xlabel,fallback_de,fallback_de,to_be_translated,,
Zeit [Stunden],Zeit [Stunden],temps [heures],tempo [ore],1010,dr_2f1492a8022d,canonical/drawings/dr_2f1492a8022d,1010.de.tex,previously_marked_to_translate,pgfplots_xlabel,fallback_de,fallback_de,to_be_translated,,
ZF,ZF,FI,IF,803,dr_9d99a23721b2,canonical/drawings/dr_9d99a23721b2,803.de.tex,previously_marked_to_translate,circuitikz_bare_label,fallback_de,fallback_de,to_be_translated,,
ZF,ZF,FI,IF,806,dr_bd7e83418ecf,canonical/drawings/dr_bd7e83418ecf,806.de.tex,previously_marked_to_translate,math_text,fallback_de,fallback_de,to_be_translated,,
ZF,ZF,FI,IF,838,dr_da829294ae58,canonical/drawings/dr_da829294ae58,838.de.tex,previously_marked_to_translate,circuitikz_bare_label,fallback_de,fallback_de,to_be_translated,,
ZF,ZF,FI,IF,839,dr_5d9a78948275,canonical/drawings/dr_5d9a78948275,839.de.tex,previously_marked_to_translate,circuitikz_bare_label,fallback_de,fallback_de,to_be_translated,,
ZF,ZF,FI,IF,841,dr_55a3c0a171ee,canonical/drawings/dr_55a3c0a171ee,841.de.tex,previously_marked_to_translate,math_text,fallback_de,fallback_de,to_be_translated,,
ZF,ZF,FI,IF,913,dr_7ffd53570773,canonical/drawings/dr_7ffd53570773,913.de.tex,previously_marked_to_translate,circuitikz_bare_label,fallback_de,fallback_de,to_be_translated,,
$f_\mathrm{OSZ}$,$f_\mathrm{OSZ}$,$f_\mathrm{o}$,$f_\mathrm{o}$,39,dr_925e0fa8ef7a,canonical/drawings/dr_925e0fa8ef7a,39.de.tex,global_protected_token_audit,math_text_subscript,fallback_de,fallback_de,to_be_translated,,OSZ is a German abbreviation; translate the complete formula.
${f}_{\mathrm{OSZ}}$,${f}_{\mathrm{OSZ}}$,$f_\mathrm{o}$,$f_\mathrm{o}$,80,dr_54bc1db8a361,canonical/drawings/dr_54bc1db8a361,80.de.tex,global_protected_token_audit,math_text_subscript,explicit,explicit,to_be_translated,,OSZ is a German abbreviation; translate the complete formula.
$f_\mathrm{OSZ}$,$f_\mathrm{OSZ}$,$f_\mathrm{o}$,$f_\mathrm{o}$,85,dr_f1fa2f10cf0f,canonical/drawings/dr_f1fa2f10cf0f,85.de.tex,global_protected_token_audit,math_text_subscript,explicit,explicit,to_be_translated,,OSZ is a German abbreviation; translate the complete formula.
$f_\mathrm{OSZ}$,$f_\mathrm{OSZ}$,$f_\mathrm{o}$,$f_\mathrm{o}$,86,dr_26b175745ed2,canonical/drawings/dr_26b175745ed2,86.de.tex,global_protected_token_audit,math_text_subscript,explicit,explicit,to_be_translated,,OSZ is a German abbreviation; translate the complete formula.
$f_\mathrm{OSZ}$,$f_\mathrm{OSZ}$,$f_\mathrm{o}$,$f_\mathrm{o}$,500,dr_a8f8923181a4,canonical/drawings/dr_a8f8923181a4,500.de.tex,global_protected_token_audit,math_text_subscript,fallback_de,fallback_de,to_be_translated,,OSZ is a German abbreviation; translate the complete formula.
$f_\mathrm{OSZ}$,$f_\mathrm{OSZ}$,$f_\mathrm{o}$,$f_\mathrm{o}$,759,dr_9ad0865fe4de,canonical/drawings/dr_9ad0865fe4de,759.de.tex,global_protected_token_audit,math_text_subscript,explicit,explicit,to_be_translated,,OSZ is a German abbreviation; translate the complete formula.
$f_\mathrm{OSZ}$,$f_\mathrm{OSZ}$,$f_\mathrm{o}$,$f_\mathrm{o}$,762,dr_c68ad44059db,canonical/drawings/dr_c68ad44059db,762.de.tex,global_protected_token_audit,math_text_subscript,explicit,explicit,to_be_translated,,OSZ is a German abbreviation; translate the complete formula.
$f_\mathrm{OSZ}$,$f_\mathrm{OSZ}$,$f_\mathrm{o}$,$f_\mathrm{o}$,831,dr_7a7511658fa8,canonical/drawings/dr_7a7511658fa8,831.de.tex,global_protected_token_audit,math_text_subscript,fallback_de,fallback_de,to_be_translated,,OSZ is a German abbreviation; translate the complete formula.
$f_\mathrm{OSZ}$,$f_\mathrm{OSZ}$,$f_\mathrm{o}$,$f_\mathrm{o}$,832,dr_97a0f41efa52,canonical/drawings/dr_97a0f41efa52,832.de.tex,global_protected_token_audit,math_text_subscript,fallback_de,fallback_de,to_be_translated,,OSZ is a German abbreviation; translate the complete formula.
$f_\mathrm{OSZ}$,$f_\mathrm{OSZ}$,$f_\mathrm{o}$,$f_\mathrm{o}$,973,dr_fb8e04550ffb,canonical/drawings/dr_fb8e04550ffb,973.de.tex,global_protected_token_audit,math_text_subscript,explicit,explicit,to_be_translated,,OSZ is a German abbreviation; translate the complete formula.
$f_\mathrm{OSZ}$,$f_\mathrm{OSZ}$,$f_\mathrm{o}$,$f_\mathrm{o}$,974,dr_5cb6a2eb284f,canonical/drawings/dr_5cb6a2eb284f,974.de.tex,global_protected_token_audit,math_text_subscript,explicit,explicit,to_be_translated,,OSZ is a German abbreviation; translate the complete formula.
